Customer_ID,inference_date,predicted_default,default_probability,risk_category
CUS_0x1130,2023-07-01,0,0.123074524,Low Risk
CUS_0x11d1,2023-07-01,0,0.24596962,Low Risk
CUS_0x11eb,2023-07-01,0,0.29784283,Low Risk
CUS_0x120c,2023-07-01,1,0.8699343,High Risk
CUS_0x124a,2023-07-01,0,0.35137102,Medium Risk
CUS_0x12ce,2023-07-01,1,0.8824902,High Risk
CUS_0x13b0,2023-07-01,1,0.66476226,Medium Risk
CUS_0x13d6,2023-07-01,1,0.8047862,High Risk
CUS_0x13de,2023-07-01,0,0.33618063,Medium Risk
CUS_0x13ec,2023-07-01,0,0.23262763,Low Risk
CUS_0x13f6,2023-07-01,0,0.23787668,Low Risk
CUS_0x14a3,2023-07-01,0,0.26442984,Low Risk
CUS_0x14b3,2023-07-01,0,0.18688579,Low Risk
CUS_0x14b9,2023-07-01,0,0.25783303,Low Risk
CUS_0x150c,2023-07-01,0,0.18596609,Low Risk
CUS_0x15e7,2023-07-01,0,0.3008074,Medium Risk
CUS_0x1647,2023-07-01,0,0.29661968,Low Risk
CUS_0x165e,2023-07-01,1,0.6548767,Medium Risk
CUS_0x17e8,2023-07-01,0,0.30534834,Medium Risk
CUS_0x17f0,2023-07-01,0,0.1515019,Low Risk
CUS_0x182d,2023-07-01,0,0.30454865,Medium Risk
CUS_0x184c,2023-07-01,1,0.72758293,High Risk
CUS_0x1863,2023-07-01,0,0.24790974,Low Risk
CUS_0x193b,2023-07-01,1,0.73045635,High Risk
CUS_0x1986,2023-07-01,0,0.1796992,Low Risk
CUS_0x1a16,2023-07-01,0,0.38843957,Medium Risk
CUS_0x1a44,2023-07-01,0,0.20039836,Low Risk
CUS_0x1aeb,2023-07-01,0,0.16472945,Low Risk
CUS_0x1b71,2023-07-01,0,0.45137337,Medium Risk
CUS_0x1c79,2023-07-01,0,0.323749,Medium Risk
CUS_0x1d7b,2023-07-01,0,0.18720903,Low Risk
CUS_0x1dad,2023-07-01,0,0.21347411,Low Risk
CUS_0x1e51,2023-07-01,0,0.46895245,Medium Risk
CUS_0x1ec5,2023-07-01,0,0.20710331,Low Risk
CUS_0x1f04,2023-07-01,0,0.19135231,Low Risk
CUS_0x2038,2023-07-01,0,0.23563902,Low Risk
CUS_0x2064,2023-07-01,0,0.16377698,Low Risk
CUS_0x2112,2023-07-01,0,0.24476787,Low Risk
CUS_0x2184,2023-07-01,0,0.47262,Medium Risk
CUS_0x21e4,2023-07-01,0,0.22554715,Low Risk
CUS_0x2243,2023-07-01,0,0.2843012,Low Risk
CUS_0x2283,2023-07-01,0,0.3516273,Medium Risk
CUS_0x24af,2023-07-01,0,0.4781042,Medium Risk
CUS_0x24cc,2023-07-01,1,0.5558308,Medium Risk
CUS_0x24e8,2023-07-01,1,0.76249343,High Risk
CUS_0x24e9,2023-07-01,0,0.26589525,Low Risk
CUS_0x24f8,2023-07-01,1,0.6737267,Medium Risk
CUS_0x2517,2023-07-01,1,0.8118729,High Risk
CUS_0x2590,2023-07-01,0,0.16845031,Low Risk
CUS_0x2662,2023-07-01,0,0.21441737,Low Risk
CUS_0x26a9,2023-07-01,1,0.7324271,High Risk
CUS_0x2784,2023-07-01,1,0.76413816,High Risk
CUS_0x282b,2023-07-01,1,0.50538236,Medium Risk
CUS_0x28a7,2023-07-01,0,0.20796186,Low Risk
CUS_0x28d8,2023-07-01,0,0.24782516,Low Risk
CUS_0x2910,2023-07-01,0,0.18177253,Low Risk
CUS_0x2bf4,2023-07-01,0,0.39261842,Medium Risk
CUS_0x2c5b,2023-07-01,0,0.19672269,Low Risk
CUS_0x2ce1,2023-07-01,1,0.8837203,High Risk
CUS_0x2d05,2023-07-01,0,0.14406246,Low Risk
CUS_0x2d78,2023-07-01,1,0.8384055,High Risk
CUS_0x2d98,2023-07-01,0,0.13367978,Low Risk
CUS_0x2df8,2023-07-01,1,0.8909518,High Risk
CUS_0x2ed0,2023-07-01,0,0.13391311,Low Risk
CUS_0x2f59,2023-07-01,0,0.21194445,Low Risk
CUS_0x2f7b,2023-07-01,1,0.620608,Medium Risk
CUS_0x2fe4,2023-07-01,0,0.20591496,Low Risk
CUS_0x30eb,2023-07-01,0,0.22862919,Low Risk
CUS_0x310f,2023-07-01,0,0.28460726,Low Risk
CUS_0x317e,2023-07-01,1,0.87498045,High Risk
CUS_0x318d,2023-07-01,1,0.70598567,High Risk
CUS_0x31b2,2023-07-01,0,0.17747204,Low Risk
CUS_0x31bd,2023-07-01,1,0.74840045,High Risk
CUS_0x3221,2023-07-01,0,0.20472996,Low Risk
CUS_0x3237,2023-07-01,1,0.75155234,High Risk
CUS_0x327d,2023-07-01,0,0.4880205,Medium Risk
CUS_0x32a7,2023-07-01,1,0.732899,High Risk
CUS_0x334d,2023-07-01,0,0.29944798,Low Risk
CUS_0x33ce,2023-07-01,0,0.25830412,Low Risk
CUS_0x33da,2023-07-01,0,0.24670663,Low Risk
CUS_0x3420,2023-07-01,0,0.21680595,Low Risk
CUS_0x3442,2023-07-01,0,0.1270652,Low Risk
CUS_0x3475,2023-07-01,1,0.6716253,Medium Risk
CUS_0x35ac,2023-07-01,0,0.31779632,Medium Risk
CUS_0x35c3,2023-07-01,1,0.8016259,High Risk
CUS_0x366b,2023-07-01,0,0.28141278,Low Risk
CUS_0x3672,2023-07-01,0,0.25950247,Low Risk
CUS_0x36bb,2023-07-01,0,0.140314,Low Risk
CUS_0x374a,2023-07-01,0,0.23068625,Low Risk
CUS_0x3868,2023-07-01,1,0.8722909,High Risk
CUS_0x386e,2023-07-01,1,0.87188655,High Risk
CUS_0x38d8,2023-07-01,0,0.3513892,Medium Risk
CUS_0x3992,2023-07-01,1,0.8059399,High Risk
CUS_0x3a1b,2023-07-01,0,0.29323518,Low Risk
CUS_0x3a4d,2023-07-01,1,0.5338865,Medium Risk
CUS_0x3aa8,2023-07-01,1,0.86045223,High Risk
CUS_0x3adb,2023-07-01,1,0.51342577,Medium Risk
CUS_0x3b66,2023-07-01,0,0.29250708,Low Risk
CUS_0x3bc7,2023-07-01,1,0.69457865,Medium Risk
CUS_0x3bdb,2023-07-01,0,0.06122674,Low Risk
CUS_0x3c21,2023-07-01,1,0.59946007,Medium Risk
CUS_0x3c51,2023-07-01,0,0.40377858,Medium Risk
CUS_0x3cc3,2023-07-01,0,0.18009426,Low Risk
CUS_0x3d3d,2023-07-01,0,0.25102386,Low Risk
CUS_0x3d53,2023-07-01,0,0.29212797,Low Risk
CUS_0x3d64,2023-07-01,1,0.8078285,High Risk
CUS_0x3da0,2023-07-01,0,0.19640908,Low Risk
CUS_0x3ddc,2023-07-01,0,0.21331543,Low Risk
CUS_0x3e1a,2023-07-01,0,0.10935032,Low Risk
CUS_0x3e5d,2023-07-01,0,0.25025305,Low Risk
CUS_0x3ea1,2023-07-01,1,0.5007937,Medium Risk
CUS_0x3f0,2023-07-01,0,0.27125278,Low Risk
CUS_0x3f51,2023-07-01,0,0.19243143,Low Risk
CUS_0x3f68,2023-07-01,0,0.054228313,Low Risk
CUS_0x3f97,2023-07-01,0,0.22225013,Low Risk
CUS_0x4017,2023-07-01,0,0.33139503,Medium Risk
CUS_0x4079,2023-07-01,1,0.821651,High Risk
CUS_0x40ad,2023-07-01,1,0.84938353,High Risk
CUS_0x415,2023-07-01,1,0.6621312,Medium Risk
CUS_0x4154,2023-07-01,1,0.79539883,High Risk
CUS_0x41d5,2023-07-01,1,0.7733739,High Risk
CUS_0x41ee,2023-07-01,1,0.7335027,High Risk
CUS_0x41fc,2023-07-01,0,0.2896948,Low Risk
CUS_0x4256,2023-07-01,1,0.5674678,Medium Risk
CUS_0x4269,2023-07-01,0,0.17905621,Low Risk
CUS_0x4280,2023-07-01,0,0.24584508,Low Risk
CUS_0x4313,2023-07-01,1,0.8637841,High Risk
CUS_0x4372,2023-07-01,1,0.63546604,Medium Risk
CUS_0x4430,2023-07-01,1,0.7818669,High Risk
CUS_0x4469,2023-07-01,0,0.13276629,Low Risk
CUS_0x4519,2023-07-01,0,0.3967191,Medium Risk
CUS_0x4549,2023-07-01,1,0.56879795,Medium Risk
CUS_0x45bd,2023-07-01,0,0.23298207,Low Risk
CUS_0x4681,2023-07-01,0,0.24732922,Low Risk
CUS_0x46e6,2023-07-01,1,0.5807933,Medium Risk
CUS_0x4791,2023-07-01,1,0.5614444,Medium Risk
CUS_0x47d5,2023-07-01,1,0.7037328,High Risk
CUS_0x47e3,2023-07-01,1,0.82664275,High Risk
CUS_0x4842,2023-07-01,0,0.17334461,Low Risk
CUS_0x495f,2023-07-01,1,0.8058464,High Risk
CUS_0x4976,2023-07-01,1,0.76533186,High Risk
CUS_0x49b5,2023-07-01,0,0.16665743,Low Risk
CUS_0x49e3,2023-07-01,0,0.45239946,Medium Risk
CUS_0x4a77,2023-07-01,0,0.26430202,Low Risk
CUS_0x4b12,2023-07-01,0,0.17409708,Low Risk
CUS_0x4b23,2023-07-01,1,0.8261562,High Risk
CUS_0x4c2b,2023-07-01,0,0.4881307,Medium Risk
CUS_0x4c4f,2023-07-01,0,0.3740153,Medium Risk
CUS_0x4c96,2023-07-01,0,0.20393273,Low Risk
CUS_0x4cfd,2023-07-01,0,0.38953638,Medium Risk
CUS_0x4dd1,2023-07-01,0,0.13916913,Low Risk
CUS_0x4dd5,2023-07-01,1,0.73644644,High Risk
CUS_0x4e0e,2023-07-01,0,0.2251252,Low Risk
CUS_0x4f16,2023-07-01,0,0.25537503,Low Risk
CUS_0x4f1a,2023-07-01,1,0.7345974,High Risk
CUS_0x4f41,2023-07-01,1,0.7586762,High Risk
CUS_0x5046,2023-07-01,0,0.36464912,Medium Risk
CUS_0x505c,2023-07-01,0,0.4981152,Medium Risk
CUS_0x50e2,2023-07-01,1,0.87568986,High Risk
CUS_0x51d4,2023-07-01,0,0.3240054,Medium Risk
CUS_0x51eb,2023-07-01,1,0.520205,Medium Risk
CUS_0x5396,2023-07-01,0,0.20195091,Low Risk
CUS_0x541,2023-07-01,0,0.14889592,Low Risk
CUS_0x543f,2023-07-01,1,0.72127384,High Risk
CUS_0x5451,2023-07-01,0,0.22937271,Low Risk
CUS_0x5488,2023-07-01,0,0.2723256,Low Risk
CUS_0x55d9,2023-07-01,0,0.4731127,Medium Risk
CUS_0x564e,2023-07-01,1,0.8551169,High Risk
CUS_0x56c5,2023-07-01,0,0.33992246,Medium Risk
CUS_0x56c8,2023-07-01,0,0.22382352,Low Risk
CUS_0x5734,2023-07-01,0,0.18770547,Low Risk
CUS_0x57a,2023-07-01,0,0.23866916,Low Risk
CUS_0x582f,2023-07-01,0,0.17994252,Low Risk
CUS_0x5848,2023-07-01,0,0.1919494,Low Risk
CUS_0x584b,2023-07-01,0,0.21113653,Low Risk
CUS_0x59d8,2023-07-01,1,0.73670614,High Risk
CUS_0x5a82,2023-07-01,0,0.14838433,Low Risk
CUS_0x5aaa,2023-07-01,0,0.17205034,Low Risk
CUS_0x5c66,2023-07-01,0,0.120766066,Low Risk
CUS_0x5c7f,2023-07-01,0,0.3016492,Medium Risk
CUS_0x5cc5,2023-07-01,0,0.25389037,Low Risk
CUS_0x5dd6,2023-07-01,0,0.13376108,Low Risk
CUS_0x5e2d,2023-07-01,0,0.24818361,Low Risk
CUS_0x5f0f,2023-07-01,1,0.66748774,Medium Risk
CUS_0x5f5d,2023-07-01,0,0.23054935,Low Risk
CUS_0x5f83,2023-07-01,0,0.26838517,Low Risk
CUS_0x5fbf,2023-07-01,1,0.8703553,High Risk
CUS_0x5ff6,2023-07-01,1,0.8515311,High Risk
CUS_0x6010,2023-07-01,0,0.2578259,Low Risk
CUS_0x6054,2023-07-01,0,0.31245282,Medium Risk
CUS_0x6092,2023-07-01,0,0.41062,Medium Risk
CUS_0x6102,2023-07-01,0,0.25224152,Low Risk
CUS_0x612e,2023-07-01,0,0.1707072,Low Risk
CUS_0x6148,2023-07-01,1,0.8040279,High Risk
CUS_0x61c2,2023-07-01,0,0.31028283,Medium Risk
CUS_0x6200,2023-07-01,1,0.84108496,High Risk
CUS_0x628e,2023-07-01,1,0.58267105,Medium Risk
CUS_0x62cf,2023-07-01,1,0.8526087,High Risk
CUS_0x6322,2023-07-01,1,0.71840644,High Risk
CUS_0x643b,2023-07-01,0,0.17667902,Low Risk
CUS_0x6478,2023-07-01,0,0.35522005,Medium Risk
CUS_0x64a1,2023-07-01,0,0.23058265,Low Risk
CUS_0x64a3,2023-07-01,0,0.18658356,Low Risk
CUS_0x64a4,2023-07-01,0,0.4309063,Medium Risk
CUS_0x65d3,2023-07-01,0,0.19547923,Low Risk
CUS_0x661d,2023-07-01,1,0.88862616,High Risk
CUS_0x6669,2023-07-01,1,0.70515543,High Risk
CUS_0x666a,2023-07-01,0,0.31160936,Medium Risk
CUS_0x6672,2023-07-01,0,0.23804541,Low Risk
CUS_0x6673,2023-07-01,0,0.36659738,Medium Risk
CUS_0x66d4,2023-07-01,0,0.3308437,Medium Risk
CUS_0x6728,2023-07-01,0,0.26807857,Low Risk
CUS_0x67a9,2023-07-01,1,0.61904395,Medium Risk
CUS_0x68f8,2023-07-01,0,0.05802382,Low Risk
CUS_0x6928,2023-07-01,1,0.823414,High Risk
CUS_0x69e5,2023-07-01,0,0.40970448,Medium Risk
CUS_0x6a1a,2023-07-01,0,0.30041596,Medium Risk
CUS_0x6a8f,2023-07-01,0,0.2259608,Low Risk
CUS_0x6ab5,2023-07-01,0,0.22431958,Low Risk
CUS_0x6ada,2023-07-01,0,0.2283077,Low Risk
CUS_0x6b59,2023-07-01,0,0.35033447,Medium Risk
CUS_0x6bad,2023-07-01,0,0.19406307,Low Risk
CUS_0x6c00,2023-07-01,1,0.8589939,High Risk
CUS_0x6c52,2023-07-01,1,0.59755176,Medium Risk
CUS_0x6c53,2023-07-01,0,0.18529892,Low Risk
CUS_0x6c90,2023-07-01,1,0.7081189,High Risk
CUS_0x6cb4,2023-07-01,0,0.38469252,Medium Risk
CUS_0x6cc6,2023-07-01,0,0.44894364,Medium Risk
CUS_0x6d3c,2023-07-01,1,0.6766608,Medium Risk
CUS_0x6da3,2023-07-01,0,0.19408569,Low Risk
CUS_0x6f04,2023-07-01,1,0.8782596,High Risk
CUS_0x6f69,2023-07-01,0,0.4000884,Medium Risk
CUS_0x6f78,2023-07-01,0,0.06728525,Low Risk
CUS_0x6f84,2023-07-01,1,0.78528017,High Risk
CUS_0x6fb1,2023-07-01,1,0.7218493,High Risk
CUS_0x6fb2,2023-07-01,1,0.8835157,High Risk
CUS_0x703c,2023-07-01,0,0.30608648,Medium Risk
CUS_0x7080,2023-07-01,1,0.8942261,High Risk
CUS_0x70b2,2023-07-01,0,0.17693172,Low Risk
CUS_0x7154,2023-07-01,0,0.22533967,Low Risk
CUS_0x7198,2023-07-01,0,0.08431871,Low Risk
CUS_0x7283,2023-07-01,0,0.17081308,Low Risk
CUS_0x73bb,2023-07-01,0,0.31653208,Medium Risk
CUS_0x73cf,2023-07-01,1,0.5138215,Medium Risk
CUS_0x73ee,2023-07-01,1,0.5176968,Medium Risk
CUS_0x7429,2023-07-01,0,0.19341122,Low Risk
CUS_0x7494,2023-07-01,0,0.056894064,Low Risk
CUS_0x74fc,2023-07-01,0,0.2395097,Low Risk
CUS_0x7551,2023-07-01,1,0.8348287,High Risk
CUS_0x75f,2023-07-01,0,0.20255712,Low Risk
CUS_0x764f,2023-07-01,0,0.049495775,Low Risk
CUS_0x76fc,2023-07-01,0,0.24345508,Low Risk
CUS_0x778e,2023-07-01,0,0.40641913,Medium Risk
CUS_0x7837,2023-07-01,1,0.84712106,High Risk
CUS_0x7893,2023-07-01,0,0.19439843,Low Risk
CUS_0x7960,2023-07-01,1,0.663525,Medium Risk
CUS_0x79a9,2023-07-01,0,0.4894805,Medium Risk
CUS_0x7a0b,2023-07-01,0,0.43923092,Medium Risk
CUS_0x7a39,2023-07-01,0,0.41592628,Medium Risk
CUS_0x7ba5,2023-07-01,1,0.7958314,High Risk
CUS_0x7baf,2023-07-01,0,0.17397441,Low Risk
CUS_0x7bf,2023-07-01,0,0.20212264,Low Risk
CUS_0x7c2,2023-07-01,0,0.20402816,Low Risk
CUS_0x7c4a,2023-07-01,1,0.5770157,Medium Risk
CUS_0x7c6,2023-07-01,1,0.65345794,Medium Risk
CUS_0x7cfb,2023-07-01,0,0.16405605,Low Risk
CUS_0x7da5,2023-07-01,1,0.8388273,High Risk
CUS_0x7dd7,2023-07-01,1,0.8519935,High Risk
CUS_0x7de0,2023-07-01,0,0.06813064,Low Risk
CUS_0x7e0b,2023-07-01,1,0.76972014,High Risk
CUS_0x7f50,2023-07-01,0,0.28045562,Low Risk
CUS_0x7f9c,2023-07-01,0,0.23623127,Low Risk
CUS_0x8072,2023-07-01,0,0.05603922,Low Risk
CUS_0x809c,2023-07-01,0,0.27715385,Low Risk
CUS_0x80df,2023-07-01,0,0.19400595,Low Risk
CUS_0x80f8,2023-07-01,0,0.4858845,Medium Risk
CUS_0x8110,2023-07-01,0,0.1796116,Low Risk
CUS_0x81c5,2023-07-01,0,0.38673854,Medium Risk
CUS_0x81e9,2023-07-01,1,0.5654233,Medium Risk
CUS_0x83a4,2023-07-01,1,0.50543654,Medium Risk
CUS_0x83c5,2023-07-01,1,0.9047747,High Risk
CUS_0x83d7,2023-07-01,0,0.2279698,Low Risk
CUS_0x83ef,2023-07-01,0,0.2129541,Low Risk
CUS_0x84b8,2023-07-01,0,0.40916064,Medium Risk
CUS_0x84c3,2023-07-01,1,0.6877752,Medium Risk
CUS_0x857f,2023-07-01,0,0.24325599,Low Risk
CUS_0x85b,2023-07-01,0,0.4288326,Medium Risk
CUS_0x85cb,2023-07-01,1,0.83910507,High Risk
CUS_0x8600,2023-07-01,0,0.41230503,Medium Risk
CUS_0x870d,2023-07-01,1,0.71641934,High Risk
CUS_0x870e,2023-07-01,1,0.8037372,High Risk
CUS_0x8783,2023-07-01,0,0.22500269,Low Risk
CUS_0x87b6,2023-07-01,0,0.29322988,Low Risk
CUS_0x8841,2023-07-01,0,0.3983115,Medium Risk
CUS_0x8852,2023-07-01,0,0.18396543,Low Risk
CUS_0x88e2,2023-07-01,1,0.76541686,High Risk
CUS_0x8a78,2023-07-01,0,0.19399156,Low Risk
CUS_0x8ad9,2023-07-01,1,0.8761126,High Risk
CUS_0x8b29,2023-07-01,0,0.2168927,Low Risk
CUS_0x8b5f,2023-07-01,0,0.31675577,Medium Risk
CUS_0x8bd6,2023-07-01,1,0.8534566,High Risk
CUS_0x8c5a,2023-07-01,1,0.8588561,High Risk
CUS_0x8ce,2023-07-01,1,0.82688737,High Risk
CUS_0x8ed4,2023-07-01,0,0.24483013,Low Risk
CUS_0x8f25,2023-07-01,1,0.5247543,Medium Risk
CUS_0x8f45,2023-07-01,0,0.28941652,Low Risk
CUS_0x8fa,2023-07-01,0,0.432367,Medium Risk
CUS_0x8fdd,2023-07-01,0,0.20609672,Low Risk
CUS_0x908,2023-07-01,1,0.79028225,High Risk
CUS_0x90be,2023-07-01,1,0.81751955,High Risk
CUS_0x90cf,2023-07-01,0,0.1492518,Low Risk
CUS_0x9138,2023-07-01,0,0.2750521,Low Risk
CUS_0x9176,2023-07-01,0,0.45997676,Medium Risk
CUS_0x917d,2023-07-01,0,0.2729433,Low Risk
CUS_0x9319,2023-07-01,0,0.36774963,Medium Risk
CUS_0x93f4,2023-07-01,1,0.7736746,High Risk
CUS_0x942a,2023-07-01,0,0.055280425,Low Risk
CUS_0x945f,2023-07-01,0,0.25655094,Low Risk
CUS_0x946d,2023-07-01,0,0.23973513,Low Risk
CUS_0x9495,2023-07-01,0,0.37256813,Medium Risk
CUS_0x94e8,2023-07-01,0,0.4785922,Medium Risk
CUS_0x94f6,2023-07-01,0,0.26443946,Low Risk
CUS_0x960e,2023-07-01,1,0.7007181,High Risk
CUS_0x9619,2023-07-01,0,0.37480244,Medium Risk
CUS_0x9708,2023-07-01,0,0.24081698,Low Risk
CUS_0x981,2023-07-01,0,0.20541544,Low Risk
CUS_0x98a,2023-07-01,1,0.7868186,High Risk
CUS_0x997a,2023-07-01,1,0.5628113,Medium Risk
CUS_0x99d9,2023-07-01,1,0.5157275,Medium Risk
CUS_0x9a0f,2023-07-01,1,0.7858051,High Risk
CUS_0x9b7d,2023-07-01,0,0.43522438,Medium Risk
CUS_0x9b94,2023-07-01,0,0.26256397,Low Risk
CUS_0x9bb7,2023-07-01,0,0.15553418,Low Risk
CUS_0x9bc4,2023-07-01,1,0.6517396,Medium Risk
CUS_0x9c14,2023-07-01,0,0.42187718,Medium Risk
CUS_0x9c82,2023-07-01,1,0.62470704,Medium Risk
CUS_0x9d36,2023-07-01,0,0.17992453,Low Risk
CUS_0x9d72,2023-07-01,0,0.2514671,Low Risk
CUS_0x9d7d,2023-07-01,0,0.35589224,Medium Risk
CUS_0x9d9a,2023-07-01,0,0.24009472,Low Risk
CUS_0x9da2,2023-07-01,0,0.37085027,Medium Risk
CUS_0x9dbe,2023-07-01,0,0.22447872,Low Risk
CUS_0x9ddd,2023-07-01,0,0.3360933,Medium Risk
CUS_0x9e24,2023-07-01,0,0.26566774,Low Risk
CUS_0x9e5e,2023-07-01,1,0.8381783,High Risk
CUS_0x9ebf,2023-07-01,0,0.31583622,Medium Risk
CUS_0x9ecd,2023-07-01,0,0.31558266,Medium Risk
CUS_0x9f1f,2023-07-01,0,0.27791655,Low Risk
CUS_0x9f2f,2023-07-01,1,0.8822276,High Risk
CUS_0x9fce,2023-07-01,0,0.3850043,Medium Risk
CUS_0x9ff5,2023-07-01,1,0.68750894,Medium Risk
CUS_0xa008,2023-07-01,0,0.055118088,Low Risk
CUS_0xa049,2023-07-01,0,0.466875,Medium Risk
CUS_0xa05a,2023-07-01,1,0.7928432,High Risk
CUS_0xa05f,2023-07-01,0,0.34399578,Medium Risk
CUS_0xa08c,2023-07-01,0,0.24778533,Low Risk
CUS_0xa0f3,2023-07-01,0,0.20214078,Low Risk
CUS_0xa153,2023-07-01,0,0.193591,Low Risk
CUS_0xa163,2023-07-01,0,0.24639346,Low Risk
CUS_0xa235,2023-07-01,0,0.40574068,Medium Risk
CUS_0xa25a,2023-07-01,1,0.8419886,High Risk
CUS_0xa2d2,2023-07-01,0,0.18357241,Low Risk
CUS_0xa347,2023-07-01,1,0.739979,High Risk
CUS_0xa396,2023-07-01,0,0.20467356,Low Risk
CUS_0xa39c,2023-07-01,1,0.8085081,High Risk
CUS_0xa3e4,2023-07-01,0,0.28480622,Low Risk
CUS_0xa50e,2023-07-01,0,0.49432802,Medium Risk
CUS_0xa5d1,2023-07-01,0,0.45108867,Medium Risk
CUS_0xa5f,2023-07-01,0,0.19490401,Low Risk
CUS_0xa60e,2023-07-01,0,0.18392064,Low Risk
CUS_0xa878,2023-07-01,1,0.74531114,High Risk
CUS_0xa9d9,2023-07-01,1,0.84769714,High Risk
CUS_0xab76,2023-07-01,0,0.28897685,Low Risk
CUS_0xabc1,2023-07-01,0,0.19412751,Low Risk
CUS_0xabef,2023-07-01,0,0.17462043,Low Risk
CUS_0xac16,2023-07-01,0,0.34763643,Medium Risk
CUS_0xac67,2023-07-01,1,0.8402203,High Risk
CUS_0xacd,2023-07-01,0,0.45572546,Medium Risk
CUS_0xacd6,2023-07-01,0,0.20911427,Low Risk
CUS_0xacd7,2023-07-01,1,0.87529516,High Risk
CUS_0xacfc,2023-07-01,0,0.36802828,Medium Risk
CUS_0xadee,2023-07-01,0,0.22617617,Low Risk
CUS_0xae6c,2023-07-01,1,0.8244855,High Risk
CUS_0xae82,2023-07-01,0,0.22043352,Low Risk
CUS_0xaf0a,2023-07-01,0,0.15801632,Low Risk
CUS_0xaf3a,2023-07-01,1,0.8778236,High Risk
CUS_0xafc0,2023-07-01,0,0.1723926,Low Risk
CUS_0xafed,2023-07-01,0,0.22653614,Low Risk
CUS_0xaff7,2023-07-01,0,0.18514025,Low Risk
CUS_0xb018,2023-07-01,0,0.1947924,Low Risk
CUS_0xb04b,2023-07-01,0,0.3609654,Medium Risk
CUS_0xb183,2023-07-01,0,0.268483,Low Risk
CUS_0xb239,2023-07-01,0,0.1821118,Low Risk
CUS_0xb2b5,2023-07-01,0,0.21148022,Low Risk
CUS_0xb300,2023-07-01,0,0.23653576,Low Risk
CUS_0xb380,2023-07-01,1,0.73159045,High Risk
CUS_0xb473,2023-07-01,1,0.60411215,Medium Risk
CUS_0xb483,2023-07-01,0,0.36934817,Medium Risk
CUS_0xb517,2023-07-01,0,0.21867996,Low Risk
CUS_0xb51a,2023-07-01,0,0.47284773,Medium Risk
CUS_0xb521,2023-07-01,1,0.8869842,High Risk
CUS_0xb586,2023-07-01,0,0.2433643,Low Risk
CUS_0xb631,2023-07-01,0,0.20807227,Low Risk
CUS_0xb650,2023-07-01,1,0.89549303,High Risk
CUS_0xb67f,2023-07-01,0,0.24515867,Low Risk
CUS_0xb6bc,2023-07-01,1,0.80812067,High Risk
CUS_0xb6d2,2023-07-01,1,0.84929293,High Risk
CUS_0xb7c,2023-07-01,1,0.75246245,High Risk
CUS_0xb801,2023-07-01,0,0.2539159,Low Risk
CUS_0xb83e,2023-07-01,0,0.17874421,Low Risk
CUS_0xb843,2023-07-01,0,0.20057905,Low Risk
CUS_0xb903,2023-07-01,0,0.22048911,Low Risk
CUS_0xb9a2,2023-07-01,0,0.24802452,Low Risk
CUS_0xb9e0,2023-07-01,1,0.8125168,High Risk
CUS_0xba20,2023-07-01,0,0.41733807,Medium Risk
CUS_0xba94,2023-07-01,0,0.38727662,Medium Risk
CUS_0xbabe,2023-07-01,1,0.78036904,High Risk
CUS_0xbace,2023-07-01,0,0.27557445,Low Risk
CUS_0xbaf6,2023-07-01,0,0.20681708,Low Risk
CUS_0xbafb,2023-07-01,1,0.84594774,High Risk
CUS_0xbb18,2023-07-01,0,0.49911797,Medium Risk
CUS_0xbb55,2023-07-01,1,0.80217123,High Risk
CUS_0xbba,2023-07-01,0,0.23637456,Low Risk
CUS_0xbba9,2023-07-01,0,0.43203065,Medium Risk
CUS_0xbc14,2023-07-01,0,0.32088938,Medium Risk
CUS_0xbca1,2023-07-01,1,0.6157938,Medium Risk
CUS_0xbd75,2023-07-01,0,0.24807803,Low Risk
CUS_0xbdcd,2023-07-01,0,0.33847824,Medium Risk
CUS_0xbe2,2023-07-01,0,0.2568959,Low Risk
CUS_0xbe22,2023-07-01,0,0.15478937,Low Risk
CUS_0xbe25,2023-07-01,1,0.5456039,Medium Risk
CUS_0xbe3,2023-07-01,1,0.8154946,High Risk
CUS_0xbe4b,2023-07-01,0,0.39499855,Medium Risk
CUS_0xbf8,2023-07-01,1,0.6439698,Medium Risk
CUS_0xc007,2023-07-01,0,0.23247455,Low Risk
CUS_0xc00a,2023-07-01,1,0.8794801,High Risk
CUS_0xc044,2023-07-01,0,0.31667137,Medium Risk
CUS_0xc1b8,2023-07-01,1,0.532005,Medium Risk
CUS_0xc1cc,2023-07-01,0,0.24860324,Low Risk
CUS_0xc2ba,2023-07-01,0,0.24314705,Low Risk
CUS_0xc345,2023-07-01,0,0.19014993,Low Risk
CUS_0xc362,2023-07-01,1,0.78986067,High Risk
CUS_0xc39e,2023-07-01,0,0.21606036,Low Risk
CUS_0xc3b7,2023-07-01,1,0.8898669,High Risk
CUS_0xc40f,2023-07-01,1,0.81686664,High Risk
CUS_0xc47b,2023-07-01,1,0.7011683,High Risk
CUS_0xc48a,2023-07-01,0,0.17897013,Low Risk
CUS_0xc4b0,2023-07-01,0,0.33641633,Medium Risk
CUS_0xc516,2023-07-01,0,0.055523843,Low Risk
CUS_0xc55b,2023-07-01,1,0.709426,High Risk
CUS_0xc5a4,2023-07-01,1,0.83750486,High Risk
CUS_0xc62c,2023-07-01,0,0.18627092,Low Risk
CUS_0xc651,2023-07-01,0,0.19665003,Low Risk
CUS_0xc692,2023-07-01,1,0.76877457,High Risk
CUS_0xc6f2,2023-07-01,0,0.05639914,Low Risk
CUS_0xc715,2023-07-01,1,0.6971193,Medium Risk
CUS_0xcb3,2023-07-01,1,0.5364204,Medium Risk
CUS_0xccf,2023-07-01,1,0.7409495,High Risk
CUS_0xd25,2023-07-01,0,0.37261254,Medium Risk
CUS_0xd39,2023-07-01,0,0.32575035,Medium Risk
CUS_0xe05,2023-07-01,1,0.78689885,High Risk
CUS_0xe2a,2023-07-01,0,0.056211576,Low Risk
CUS_0xe34,2023-07-01,0,0.19350159,Low Risk
CUS_0xe60,2023-07-01,0,0.20526558,Low Risk
CUS_0xeb0,2023-07-01,1,0.7382349,High Risk
CUS_0xebd,2023-07-01,1,0.81359816,High Risk
CUS_0xf2e,2023-07-01,1,0.7842634,High Risk
CUS_0xf5d,2023-07-01,1,0.6076703,Medium Risk
CUS_0xf8f,2023-07-01,1,0.8373017,High Risk
CUS_0xfaa,2023-07-01,1,0.56930566,Medium Risk
CUS_0xfb8,2023-07-01,0,0.07455867,Low Risk
